周淑提,290935,斗鱼
大司马,606118,斗鱼
PDD,101,斗鱼
寅子,71415,斗鱼
蜘蛛,226037,斗鱼
奶飞,265438,斗鱼
啊冷,520,斗鱼
鹌鹑,96291,斗鱼
智勋,312212,斗鱼
jjking,7180846,斗鱼
仙某某,88080,斗鱼
提发,949527,虎牙
周星星,11342412,虎牙
斗鱼赛事,288016,斗鱼
doinb,252140,斗鱼
呆妹,92000,斗鱼
猴哥,475252,斗鱼
3DM,610588,斗鱼
XDD,3168536,斗鱼
楚河,998,虎牙
超,102411,虎牙
letme,518518,虎牙
姿态,333003,虎牙
贾克斯,347469,虎牙
北风,572329,虎牙
陆雪琪,520277,虎牙
节奏,476644,虎牙
吃播,111900,虎牙
普朗东,422926,斗鱼
超级小姐,2856028,斗鱼
ccccc,1126960,斗鱼
95的,159043,斗鱼
斗鱼科技,901851,斗鱼
一路有车,681,斗鱼
胖炸,441195,虎牙
小超梦,257085,虎牙
霸哥,189201,虎牙
ad,153973,虎牙
荼蘼,52012,虎牙
等风,178109,虎牙
莎莉,836458,虎牙
彩旗,924898,虎牙
骚男,520520,虎牙
户外,257838,虎牙
芒果鱼,981585,虎牙
户外3,116,虎牙
一起看,11352960,虎牙
一起看2,11342418,虎牙
一起看3,880261,虎牙
一起看4,11352944,虎牙
跳舞,6872229,斗鱼
跳舞2,7260758,斗鱼
咻咻满,8777,斗鱼
青山,3219235,斗鱼
郭德纲,10132155,虎牙
沈腾,11601968,虎牙
极限挑战,11352914,虎牙
喜来乐,11601978,虎牙
救援电影,21059594,虎牙